table_schema,table_name,column_name,data_type
dbt-cchia,business_features_inference,id_business_id,integer
dbt-cchia,business_features_inference,id_company_id,integer
dbt-cchia,business_features_inference,ts_ds,date
dbt-cchia,business_features_inference,mc_int_business_region,integer
dbt-cchia,business_features_inference,mc_str_business_region_name,character varying
dbt-cchia,business_features_inference,mc_str_business_name,character varying
dbt-cchia,business_features_inference,mc_str_business_display_name,character varying
dbt-cchia,business_features_inference,mc_str_business_type,character varying
dbt-cchia,business_features_inference,rv_int_total_shifts,bigint
dbt-cchia,business_features_inference,rv_int_total_filled_shifts,bigint
dbt-cchia,business_features_inference,rv_int_total_completed_shifts,bigint
dbt-cchia,business_features_inference,rv_float_fill_rate,double precision
dbt-cchia,business_features_inference,rv_float_avg_business_rating_by_worker,bigint
dbt-cchia,business_features_inference,rv_float_avg_worker_rating_by_business,bigint
dbt-cchia,business_features_inference,mc_str_partner_status,character varying
dbt-cchia,business_features_inference,mc_str_partner_period,character varying
dbt-cchia,business_features_inference,mc_str_partner_type,character varying
dbt-cchia,business_features_inference,mc_str_primary_industry,character varying
dbt-cchia,business_features_inference,mc_str_secondary_industry,character varying
dbt-cchia,business_features_inference,rv_int_unique_workers,bigint
dbt-cchia,business_features_inference,rv_int_total_unique_workers,bigint
dbt-cchia,business_features_inference,ts_first_shift_date,timestamp without time zone
dbt-cchia,business_features_inference,ts_last_shift_date,timestamp without time zone
dbt-cchia,business_features_inference,rv_int_days_since_first_shift,bigint
dbt-cchia,business_features_inference,rv_int_days_since_last_shift,bigint
dbt-cchia,business_features_inference,rv_int_shifts_l90d,bigint
dbt-cchia,business_features_inference,rv_int_w2_employees_only,bigint
dbt-cchia,business_features_inference,rv_int_total_ratings_by_workers,bigint
dbt-cchia,business_features_inference,rv_int_total_ratings_by_business,bigint
dbt-cchia,business_features_inference,rv_float_avg_filled_shift_business_rate,numeric
dbt-cchia,business_features_inference,rv_float_avg_unfilled_shift_business_rate,numeric
dbt-cchia,business_features_inference,rv_float_avg_filled_shift_applicant_rate,numeric
dbt-cchia,business_features_inference,rv_float_avg_unfilled_shift_applicant_rate,numeric
dbt-cchia,business_features_inference,rv_int_num_gigs,bigint
dbt-cchia,business_features_inference,rv_int_num_gigs_posted,bigint
dbt-cchia,business_features_inference,rv_int_num_gigs_filled,bigint
dbt-cchia,business_features_inference,rv_float_gig_fill_rate,double precision
dbt-cchia,business_features_inference,rv_int_unique_companies,bigint
dbt-cchia,business_features_inference,rv_int_unique_shift_days,bigint
dbt-cchia,business_features_inference,rv_int_business_cumulative_filled_shifts,bigint
dbt-cchia,business_features_inference,mc_str_business_timezone,character varying
dbt-cchia,business_features_inference,rv_int_daily_shifts,bigint
dbt-cchia,business_features_inference,rv_int_days_since_last_ud,bigint
dbt-cchia,business_features_inference,ts_gig_date,timestamp without time zone
dbt-cchia,business_features_inference,rv_int_cancelled_filled_shifts,bigint
dbt-cchia,business_features_inference,rv_int_total_cancelled_shifts,bigint
dbt-cchia,business_features_inference,rv_int_n_booked_shifts,bigint
dbt-cchia,business_features_inference,rv_int_n_completed_shifts,bigint
dbt-cchia,business_features_inference,rv_int_active_pros,bigint
dbt-cchia,business_features_inference,rv_int_deactivated_pros,bigint
dbt-cchia,business_features_inference,rv_int_inferred_active_pros,bigint
dbt-cchia,business_features_inference,rv_int_rejected_pros,bigint
dbt-cchia,business_features_inference,rv_int_removed_pros,bigint
dbt-cchia,business_hypertrack_features_inference,id_business_id,integer
dbt-cchia,business_hypertrack_features_inference,ts_ds,date
dbt-cchia,business_hypertrack_features_inference,rv_int_n_business_shifts,bigint
dbt-cchia,business_hypertrack_features_inference,rv_float_avg_business_tracking_rate,double precision
dbt-cchia,business_hypertrack_features_inference,rv_float_avg_business_time_in_fence,numeric
dbt-cchia,business_hypertrack_features_inference,rv_float_avg_business_active_time,double precision
dbt-cchia,business_hypertrack_features_inference,rv_float_avg_business_total_duration,numeric
dbt-cchia,business_hypertrack_features_inference,rv_float_avg_business_in_fence_rate,double precision
dbt-cchia,business_no_show_features_inference,id_business_id,integer
dbt-cchia,business_no_show_features_inference,ts_ds,date
dbt-cchia,business_no_show_features_inference,rv_int_cumulative_auto_no_shows,bigint
dbt-cchia,business_no_show_features_inference,rv_int_business_cumulative_filled_shifts,bigint
dbt-cchia,business_no_show_features_inference,rv_int_cumulative_corrected_auto_no_shows,bigint
dbt-cchia,business_no_show_features_inference,rv_int_cumulative_corrected_manual_no_shows,bigint
dbt-cchia,business_no_show_features_inference,rv_int_cumulative_manual_no_shows,bigint
dbt-cchia,business_no_show_features_inference,rv_float_correction_rate,double precision
dbt-cchia,business_no_show_features_inference,rv_float_manual_no_show_rate,double precision
dbt-cchia,business_no_show_features_inference,rv_float_auto_no_show_rate,double precision
dbt-cchia,pro_amplitude_features_inference,id_worker_id,integer
dbt-cchia,pro_amplitude_features_inference,ts_ds,date
dbt-cchia,pro_amplitude_features_inference,rv_int_lte_1_day_num_sessions,bigint
dbt-cchia,pro_amplitude_features_inference,rv_int_lte_3_day_num_sessions,bigint
dbt-cchia,pro_amplitude_features_inference,rv_int_lte_7_day_num_sessions,bigint
dbt-cchia,pro_amplitude_features_inference,rv_int_lte_30_day_num_sessions,bigint
dbt-cchia,pro_amplitude_features_inference,rv_int_gt_30_day_num_sessions,bigint
dbt-cchia,pro_amplitude_features_inference,rv_int_lte_1_day_session_length_seconds,bigint
dbt-cchia,pro_amplitude_features_inference,rv_int_lte_3_day_session_length_seconds,bigint
dbt-cchia,pro_amplitude_features_inference,rv_int_lte_7_day_session_length_seconds,bigint
dbt-cchia,pro_amplitude_features_inference,rv_int_lte_30_day_session_length_seconds,bigint
dbt-cchia,pro_amplitude_features_inference,rv_int_gt_30_day_session_length_seconds,bigint
dbt-cchia,pro_amplitude_features_inference,rv_int_lte_1_day_num_event_types,bigint
dbt-cchia,pro_amplitude_features_inference,rv_int_lte_3_day_num_event_types,bigint
dbt-cchia,pro_amplitude_features_inference,rv_int_lte_7_day_num_event_types,bigint
dbt-cchia,pro_amplitude_features_inference,rv_int_lte_30_day_num_event_types,bigint
dbt-cchia,pro_amplitude_features_inference,rv_int_gt_30_day_num_event_types,bigint
dbt-cchia,pro_amplitude_features_inference,rv_int_lte_1_day_num_unique_event_types,bigint
dbt-cchia,pro_amplitude_features_inference,rv_int_lte_3_day_num_unique_event_types,bigint
dbt-cchia,pro_amplitude_features_inference,rv_int_lte_7_day_num_unique_event_types,bigint
dbt-cchia,pro_amplitude_features_inference,rv_int_lte_30_day_num_unique_event_types,bigint
dbt-cchia,pro_amplitude_features_inference,rv_int_gt_30_day_num_unique_event_types,bigint
dbt-cchia,pro_amplitude_features_inference,rv_int_lte_1_day_num_unique_event_id,bigint
dbt-cchia,pro_amplitude_features_inference,rv_int_lte_3_day_num_unique_event_id,bigint
dbt-cchia,pro_amplitude_features_inference,rv_int_lte_7_day_num_unique_event_id,bigint
dbt-cchia,pro_amplitude_features_inference,rv_int_lte_30_day_num_unique_event_id,bigint
dbt-cchia,pro_amplitude_features_inference,rv_int_gt_30_day_num_unique_event_id,bigint
dbt-cchia,pro_amplitude_features_inference,rv_int_total_unique_sessions,bigint
dbt-cchia,pro_amplitude_features_inference,rv_float_avg_session_length_seconds,bigint
dbt-cchia,pro_amplitude_features_inference,rv_int_total_session_time_seconds,bigint
dbt-cchia,pro_amplitude_features_inference,rv_int_total_events,bigint
dbt-cchia,pro_amplitude_features_inference,rv_int_total_unique_event_types,bigint
dbt-cchia,pro_amplitude_features_inference,rv_int_total_unique_event_ids,bigint
dbt-cchia,pro_amplitude_features_inference,ts_first_session_time,timestamp without time zone
dbt-cchia,pro_amplitude_features_inference,ts_last_session_time,timestamp without time zone
dbt-cchia,pro_amplitude_features_inference,rv_int_session_span_days,bigint
dbt-cchia,pro_amplitude_features_inference,b_is_active_today,integer
dbt-cchia,pro_amplitude_features_inference,b_is_active_l3d,integer
dbt-cchia,pro_amplitude_features_inference,b_is_active_l7d,integer
dbt-cchia,pro_amplitude_features_inference,b_is_active_l30d,integer
dbt-cchia,pro_amplitude_features_inference,b_is_active_older,integer
dbt-cchia,pro_amplitude_features_inference,rv_float_avg_session_length_seconds_calc,bigint
dbt-cchia,pro_amplitude_features_inference,rv_float_events_per_session,double precision
dbt-cchia,pro_amplitude_features_inference,rv_float_unique_event_types_per_session,double precision
dbt-cchia,pro_amplitude_features_inference,rv_float_event_type_diversity_ratio,double precision
dbt-cchia,pro_amplitude_features_inference,rv_float_sessions_per_day,double precision
dbt-cchia,pro_amplitude_features_inference,rv_float_total_time_per_session,double precision
dbt-cchia,pro_attire_features_inference,id_worker_id,integer
dbt-cchia,pro_attire_features_inference,ts_ds,date
dbt-cchia,pro_attire_features_inference,b_accepted_black_bistro_attire,integer
dbt-cchia,pro_attire_features_inference,b_accepted_black_clothes_attire,integer
dbt-cchia,pro_attire_features_inference,b_accepted_business_casual_attire,integer
dbt-cchia,pro_attire_features_inference,b_accepted_chef_uniform_attire,integer
dbt-cchia,pro_attire_features_inference,b_accepted_kitchen_black_attire,integer
dbt-cchia,pro_attire_features_inference,b_accepted_warehouse_safety_attire,integer
dbt-cchia,pro_attire_features_inference,b_accepted_white_bistro_attire,integer
dbt-cchia,pro_attire_features_inference,rv_int_offshift_num_attire_submissions,bigint
dbt-cchia,pro_attire_features_inference,rv_int_offshift_num_uploaded_attires,bigint
dbt-cchia,pro_attire_features_inference,rv_int_offshift_num_accepted_attires,bigint
dbt-cchia,pro_attire_features_inference,rv_int_offshift_num_rejected_attires,bigint
dbt-cchia,pro_attire_features_inference,rv_int_offshift_num_attire_score_great_photo,bigint
dbt-cchia,pro_attire_features_inference,rv_int_offshift_num_attire_score_pass,bigint
dbt-cchia,pro_attire_features_inference,rv_int_offshift_num_attire_score_bad_faith_upload,bigint
dbt-cchia,pro_attire_features_inference,rv_int_offshift_num_attire_score_earnest_effort,bigint
dbt-cchia,pro_attire_features_inference,rv_int_offshift_num_front_of_house_attire_submissions,bigint
dbt-cchia,pro_attire_features_inference,rv_int_offshift_num_back_of_house_attire_submissions,bigint
dbt-cchia,pro_attire_features_inference,rv_int_offshift_num_generic_attire_submissions,bigint
dbt-cchia,pro_attire_features_inference,rv_int_num_unique_attire_types,bigint
dbt-cchia,pro_attire_features_inference,rv_int_first_submission_accepted_count,bigint
dbt-cchia,pro_attire_features_inference,rv_int_first_submission_rejected_count,bigint
dbt-cchia,pro_attire_features_inference,rv_int_first_submission_pending_count,bigint
dbt-cchia,pro_attire_features_inference,rv_int_current_accepted_attire_types,bigint
dbt-cchia,pro_attire_features_inference,rv_int_current_rejected_attire_types,bigint
dbt-cchia,pro_attire_features_inference,rv_int_current_pending_attire_types,bigint
dbt-cchia,pro_attire_features_inference,rv_int_n_earnest_effort_attire_uploads,bigint
dbt-cchia,pro_attire_features_inference,rv_int_n_great_photo_attire_uploads,bigint
dbt-cchia,pro_attire_features_inference,rv_int_n_pass_attire_uploads,bigint
dbt-cchia,pro_attire_features_inference,rv_int_n_bad_faith_upload_attire_uploads,bigint
dbt-cchia,pro_attire_features_inference,rv_int_pos_attire_cat_ratings,bigint
dbt-cchia,pro_attire_features_inference,rv_int_neg_attire_cat_ratings,bigint
dbt-cchia,pro_attire_features_inference,rv_float_attire_acceptance_rate,double precision
dbt-cchia,pro_attire_features_inference,rv_float_attire_rejection_rate,double precision
dbt-cchia,pro_attire_features_inference,rv_float_attire_pending_rate,double precision
dbt-cchia,pro_attire_features_inference,b_has_accepted_attire,integer
dbt-cchia,pro_attire_features_inference,b_has_rejected_attire,integer
dbt-cchia,pro_attire_features_inference,b_has_pending_attire,integer
dbt-cchia,pro_attire_features_inference,b_has_attire_submissions,integer
dbt-cchia,pro_attire_features_inference,b_has_accepted_attire_history,integer
dbt-cchia,pro_attire_features_inference,b_has_rejected_attire_history,integer
dbt-cchia,pro_attire_features_inference,b_has_pending_attire_history,integer
dbt-cchia,pro_attire_features_inference,b_has_positive_attire_feedback,integer
dbt-cchia,pro_attire_features_inference,b_has_negative_attire_feedback,integer
dbt-cchia,pro_business_features_inference,id_worker_id,integer
dbt-cchia,pro_business_features_inference,id_business_id,integer
dbt-cchia,pro_business_features_inference,id_company_id,integer
dbt-cchia,pro_business_features_inference,ts_ds,date
dbt-cchia,pro_business_features_inference,b_is_favorite_business,integer
dbt-cchia,pro_business_features_inference,b_is_blocked_business,integer
dbt-cchia,pro_business_features_inference,rv_int_total_shifts_at_business,bigint
dbt-cchia,pro_business_features_inference,rv_int_filled_shifts_at_business,bigint
dbt-cchia,pro_business_features_inference,rv_int_completed_shifts_at_business,bigint
dbt-cchia,pro_business_features_inference,rv_int_bqo_count_at_business,bigint
dbt-cchia,pro_business_features_inference,rv_int_f3_shifts_at_business,bigint
dbt-cchia,pro_business_features_inference,rv_int_total_shifts_at_business_l90d,bigint
dbt-cchia,pro_business_features_inference,rv_int_total_shifts_at_business_l30d,bigint
dbt-cchia,pro_business_features_inference,rv_int_filled_shifts_at_business_l90d,bigint
dbt-cchia,pro_business_features_inference,rv_int_completed_shifts_at_business_l90d,bigint
dbt-cchia,pro_business_features_inference,rv_int_bqo_count_at_business_l90d,bigint
dbt-cchia,pro_business_features_inference,rv_int_f3_shifts_at_business_l90d,bigint
dbt-cchia,pro_business_features_inference,rv_float_avg_business_rating_at_business,bigint
dbt-cchia,pro_business_features_inference,rv_float_avg_worker_rating_at_business,bigint
dbt-cchia,pro_business_features_inference,rv_float_avg_business_rating_at_business_l90d,bigint
dbt-cchia,pro_business_features_inference,rv_float_avg_worker_rating_at_business_l90d,bigint
dbt-cchia,pro_business_features_inference,rv_float_avg_business_rating_by_worker,bigint
dbt-cchia,pro_business_features_inference,rv_float_avg_worker_rating_by_business,bigint
dbt-cchia,pro_business_features_inference,rv_float_avg_business_rate_at_business,numeric
dbt-cchia,pro_business_features_inference,rv_float_avg_worker_rate_at_business,numeric
dbt-cchia,pro_business_features_inference,rv_float_avg_business_rate_at_business_l90d,numeric
dbt-cchia,pro_business_features_inference,rv_float_avg_worker_rate_at_business_l90d,numeric
dbt-cchia,pro_business_features_inference,rv_float_avg_booked_shift_group_size_at_business,bigint
dbt-cchia,pro_business_features_inference,rv_float_avg_filled_shift_group_size_at_business,bigint
dbt-cchia,pro_business_features_inference,rv_float_shift_group_fill_rate_at_business,double precision
dbt-cchia,pro_business_features_inference,mc_str_relationship_strength_at_business,character varying
dbt-cchia,pro_business_features_inference,rv_float_assignment_rate,bigint
dbt-cchia,pro_business_features_inference,rv_float_bqo_rate_at_business,bigint
dbt-cchia,pro_business_features_inference,rv_float_f3_shift_rate_at_business,bigint
dbt-cchia,pro_business_features_inference,rv_float_assignment_rate_l90d,bigint
dbt-cchia,pro_business_features_inference,rv_float_bqo_rate_at_business_l90d,bigint
dbt-cchia,pro_business_features_inference,rv_float_f3_shift_rate_at_business_l90d,bigint
dbt-cchia,pro_business_features_inference,rv_int_unique_shift_groups_at_business,bigint
dbt-cchia,pro_business_features_inference,rv_int_unique_shift_days_at_business,bigint
dbt-cchia,pro_business_features_inference,rv_int_unique_shift_groups_at_business_l90d,bigint
dbt-cchia,pro_business_features_inference,rv_int_unique_shift_days_at_business_l90d,bigint
dbt-cchia,pro_business_features_inference,rv_int_total_ratings_by_business,bigint
dbt-cchia,pro_business_features_inference,rv_int_total_ratings_by_workers,bigint
dbt-cchia,pro_business_features_inference,rv_float_avg_filled_shift_business_rate,numeric
dbt-cchia,pro_business_features_inference,rv_float_avg_unfilled_shift_business_rate,numeric
dbt-cchia,pro_business_features_inference,rv_int_business_cumulative_filled_shifts,bigint
dbt-cchia,pro_business_features_inference,rv_int_cancelled_filled_shifts,bigint
dbt-cchia,pro_business_features_inference,rv_int_n_booked_shifts,bigint
dbt-cchia,pro_business_features_inference,rv_int_n_completed_shifts,bigint
dbt-cchia,pro_business_features_inference,rv_int_pre_booked_shifts,bigint
dbt-cchia,pro_business_features_inference,ts_first_shift_at_business,timestamp without time zone
dbt-cchia,pro_business_features_inference,ts_last_shift_at_business,timestamp without time zone
dbt-cchia,pro_business_features_inference,rv_int_days_since_first_shift_at_business,bigint
dbt-cchia,pro_business_features_inference,rv_int_days_since_last_shift_at_business,bigint
dbt-cchia,pro_company_features_inference,id_worker_id,integer
dbt-cchia,pro_company_features_inference,rv_int_n_companies,bigint
dbt-cchia,pro_company_features_inference,ts_ds,date
dbt-cchia,pro_core_features_inference,id_worker_id,integer
dbt-cchia,pro_core_features_inference,ts_ds,date
dbt-cchia,pro_core_features_inference,b_has_name,integer
dbt-cchia,pro_core_features_inference,b_is_email_verified,integer
dbt-cchia,pro_core_features_inference,b_is_phonenum_verified,integer
dbt-cchia,pro_core_features_inference,b_is_unsubscribe,integer
dbt-cchia,pro_core_features_inference,b_has_address,integer
dbt-cchia,pro_core_features_inference,b_has_resume,integer
dbt-cchia,pro_core_features_inference,b_has_profileimagename,integer
dbt-cchia,pro_core_features_inference,b_has_bank_account_number,integer
dbt-cchia,pro_core_features_inference,b_has_bank_routing_number,integer
dbt-cchia,pro_core_features_inference,b_has_date_of_birth,integer
dbt-cchia,pro_core_features_inference,b_has_ssn,integer
dbt-cchia,pro_core_features_inference,b_is_device,integer
dbt-cchia,pro_core_features_inference,b_is_partial,integer
dbt-cchia,pro_core_features_inference,mc_str_applicant_app_os,character varying
dbt-cchia,pro_core_features_inference,b_is_unsubscribe_introductions,integer
dbt-cchia,pro_core_features_inference,b_is_unsubscribe_looking,integer
dbt-cchia,pro_core_features_inference,b_is_reference_signup,integer
dbt-cchia,pro_core_features_inference,b_has_carpool_preference,integer
dbt-cchia,pro_core_features_inference,b_can_carpool,integer
dbt-cchia,pro_core_features_inference,b_has_vehicle_filled,integer
dbt-cchia,pro_core_features_inference,b_has_vehicle,integer
dbt-cchia,pro_core_features_inference,b_has_driving_license_filled,integer
dbt-cchia,pro_core_features_inference,b_has_driving_license,integer
dbt-cchia,pro_core_features_inference,b_is_video_approved,integer
dbt-cchia,pro_core_features_inference,b_has_followed_region_onboarding,integer
dbt-cchia,pro_core_features_inference,b_has_contacts_sync,integer
dbt-cchia,pro_core_features_inference,b_created_from_staff_list,integer
dbt-cchia,pro_core_features_inference,b_has_limited_gig_access,integer
dbt-cchia,pro_core_features_inference,b_w2_eligible,integer
dbt-cchia,pro_core_features_inference,mc_int_background_check_status,integer
dbt-cchia,pro_core_features_inference,mc_int_motor_vehicle_check_status,integer
dbt-cchia,pro_core_features_inference,mc_int_w2_status,integer
dbt-cchia,pro_core_features_inference,b_has_hypertrack_user_id,integer
dbt-cchia,pro_core_features_inference,b_is_pushtoken_active,integer
dbt-cchia,pro_core_features_inference,b_has_work_experience,integer
dbt-cchia,pro_core_features_inference,mc_str_worker_status,character varying
dbt-cchia,pro_core_features_inference,mc_str_worker_level,character varying
dbt-cchia,pro_core_features_inference,ts_worker_level_updated_at,timestamp without time zone
dbt-cchia,pro_core_features_inference,rv_int_days_at_worker_level,integer
dbt-cchia,pro_core_features_inference,rv_int_count_gold_level,bigint
dbt-cchia,pro_core_features_inference,rv_int_count_silver_level,bigint
dbt-cchia,pro_core_features_inference,rv_int_count_bronze_level,bigint
dbt-cchia,pro_core_features_inference,rv_int_count_platinum_level,bigint
dbt-cchia,pro_core_features_inference,ts_latest_date_gold_achieved,timestamp without time zone
dbt-cchia,pro_core_features_inference,ts_oldest_date_gold_achieved,timestamp without time zone
dbt-cchia,pro_core_features_inference,ts_latest_date_silver_achieved,timestamp without time zone
dbt-cchia,pro_core_features_inference,ts_oldest_date_silver_achieved,timestamp without time zone
dbt-cchia,pro_core_features_inference,ts_latest_date_bronze_achieved,timestamp without time zone
dbt-cchia,pro_core_features_inference,ts_oldest_date_bronze_achieved,timestamp without time zone
dbt-cchia,pro_core_features_inference,ts_latest_date_platinum_achieved,timestamp without time zone
dbt-cchia,pro_core_features_inference,ts_oldest_date_platinum_achieved,timestamp without time zone
dbt-cchia,pro_core_features_inference,rv_int_max_level_achieved,integer
dbt-cchia,pro_core_features_inference,rv_int_like_count,integer
dbt-cchia,pro_core_features_inference,rv_int_noshow_count,integer
dbt-cchia,pro_core_features_inference,rv_int_unlike_count,integer
dbt-cchia,pro_core_features_inference,rv_int_days_from_last_active,integer
dbt-cchia,pro_core_features_inference,rv_int_days_from_last_login,integer
dbt-cchia,pro_core_features_inference,rv_int_days_from_last_modified,integer
dbt-cchia,pro_core_features_inference,ts_last_active,timestamp without time zone
dbt-cchia,pro_core_features_inference,ts_last_login,timestamp without time zone
dbt-cchia,pro_core_features_inference,ts_date_created,timestamp without time zone
dbt-cchia,pro_core_features_inference,ts_date_modified,timestamp without time zone
dbt-cchia,pro_core_features_inference,b_has_food_handlers_card,integer
dbt-cchia,pro_core_features_inference,b_has_drivers_license_cert,integer
dbt-cchia,pro_core_features_inference,b_has_alcohol_certificate,integer
dbt-cchia,pro_core_features_inference,b_has_other_certification,integer
dbt-cchia,pro_core_features_inference,b_has_forklift_certification,integer
dbt-cchia,pro_core_features_inference,b_has_vaccination_certificate,integer
dbt-cchia,pro_core_features_inference,b_has_california_rbs_certificate,integer
dbt-cchia,pro_core_features_inference,mt_offshift_interested_positions,character varying
dbt-cchia,pro_core_features_inference,rv_int_offshift_num_pos_interests,bigint
dbt-cchia,pro_core_features_inference,mt_interested_positions,character varying
dbt-cchia,pro_core_features_inference,rv_int_num_pos_interests,bigint
dbt-cchia,pro_core_features_inference,rv_int_total_ratings_received,bigint
dbt-cchia,pro_core_features_inference,rv_int_total_ratings_given,bigint
dbt-cchia,pro_core_features_inference,rv_float_avg_rating_by_worker,bigint
dbt-cchia,pro_core_features_inference,b_active_last_7_days,integer
dbt-cchia,pro_core_features_inference,b_active_last_30_days,integer
dbt-cchia,pro_core_features_inference,b_logged_in_last_7_days,integer
dbt-cchia,pro_core_features_inference,b_logged_in_last_30_days,integer
dbt-cchia,pro_core_features_inference,rv_int_account_age_days,bigint
dbt-cchia,pro_core_features_inference,b_veteran_account,integer
dbt-cchia,pro_core_features_inference,b_new_account,integer
dbt-cchia,pro_core_features_inference,rv_int_n_favorites,bigint
dbt-cchia,pro_core_features_inference,rv_int_n_blocks,bigint
dbt-cchia,pro_core_features_inference,rv_int_n_company_preferences,bigint
dbt-cchia,pro_core_features_inference,ts_feats_end_date,timestamp without time zone
dbt-cchia,pro_education_features_inference,id_worker_id,integer
dbt-cchia,pro_education_features_inference,ts_ds,date
dbt-cchia,pro_education_features_inference,b_has_degree_associates,integer
dbt-cchia,pro_education_features_inference,b_has_degree_bachelors,integer
dbt-cchia,pro_education_features_inference,b_has_degree_masters,integer
dbt-cchia,pro_education_features_inference,b_has_degree_phd,integer
dbt-cchia,pro_education_features_inference,b_has_degree_culinary_school,integer
dbt-cchia,pro_education_features_inference,b_has_degree_hospitality_school,integer
dbt-cchia,pro_education_features_inference,b_has_degree_hotel_school,integer
dbt-cchia,pro_education_features_inference,b_has_degree_high_school,integer
dbt-cchia,pro_education_features_inference,b_has_degree_some_college,integer
dbt-cchia,pro_education_features_inference,b_has_offshift_degree_culinary_school,integer
dbt-cchia,pro_education_features_inference,b_has_offshift_degree_hospitality_school,integer
dbt-cchia,pro_education_features_inference,b_has_offshift_degree_hotel_school,integer
dbt-cchia,pro_education_features_inference,b_has_offshift_degree_some_college,integer
dbt-cchia,pro_education_features_inference,rv_int_education_level,integer
dbt-cchia,pro_education_features_inference,rv_int_total_education_entries,bigint
dbt-cchia,pro_education_features_inference,rv_int_unique_schools_attended,bigint
dbt-cchia,pro_education_features_inference,rv_int_unique_degrees_earned,bigint
dbt-cchia,pro_education_features_inference,rv_float_avg_education_duration_years,bigint
dbt-cchia,pro_education_features_inference,rv_int_earliest_education_start_year,integer
dbt-cchia,pro_education_features_inference,rv_int_latest_education_end_year,integer
dbt-cchia,pro_education_features_inference,rv_int_years_since_last_education,integer
dbt-cchia,pro_education_features_inference,b_has_completed_degree,integer
dbt-cchia,pro_education_features_inference,b_has_relevant_industry_education,integer
dbt-cchia,pro_education_features_inference,b_has_higher_education,integer
dbt-cchia,pro_education_features_inference,mc_str_education_level_category,character varying
dbt-cchia,pro_experience_features_inference,id_worker_id,integer
dbt-cchia,pro_experience_features_inference,ts_ds,date
dbt-cchia,pro_experience_features_inference,rv_int_forklift_driver_tenure,bigint
dbt-cchia,pro_experience_features_inference,rv_int_cashier_tenure,bigint
dbt-cchia,pro_experience_features_inference,rv_int_warehouse_associate_tenure,bigint
dbt-cchia,pro_experience_features_inference,rv_int_server_tenure,bigint
dbt-cchia,pro_experience_features_inference,rv_int_busser_tenure,bigint
dbt-cchia,pro_experience_features_inference,rv_int_line_cook_tenure,bigint
dbt-cchia,pro_experience_features_inference,rv_int_prep_cook_tenure,bigint
dbt-cchia,pro_experience_features_inference,rv_int_housekeeper_tenure,bigint
dbt-cchia,pro_experience_features_inference,rv_int_general_labor_tenure,bigint
dbt-cchia,pro_experience_features_inference,rv_int_driver_tenure,bigint
dbt-cchia,pro_experience_features_inference,rv_int_porter_tenure,bigint
dbt-cchia,pro_experience_features_inference,rv_int_fast_food_tenure,bigint
dbt-cchia,pro_experience_features_inference,rv_int_delivery_companies_tenure,bigint
dbt-cchia,pro_experience_features_inference,rv_int_retail_tenure,bigint
dbt-cchia,pro_experience_features_inference,rv_int_customer_service_tenure,bigint
dbt-cchia,pro_experience_features_inference,rv_int_warehouse_tenure,bigint
dbt-cchia,pro_experience_features_inference,rv_int_staffing_agency_tenure,bigint
dbt-cchia,pro_experience_features_inference,rv_int_food_services_tenure,bigint
dbt-cchia,pro_experience_features_inference,rv_int_restaurant_tenure,bigint
dbt-cchia,pro_experience_features_inference,rv_int_cafe_tenure,bigint
dbt-cchia,pro_experience_features_inference,rv_int_military_tenure,bigint
dbt-cchia,pro_experience_features_inference,rv_int_mcdonalds_tenure,bigint
dbt-cchia,pro_experience_features_inference,rv_int_walmart_tenure,bigint
dbt-cchia,pro_experience_features_inference,rv_int_uber_tenure,bigint
dbt-cchia,pro_experience_features_inference,rv_int_amazon_tenure,bigint
dbt-cchia,pro_experience_features_inference,rv_int_home_depot_tenure,bigint
dbt-cchia,pro_experience_features_inference,rv_int_whole_foods_tenure,bigint
dbt-cchia,pro_experience_features_inference,rv_int_people_ready_tenure,bigint
dbt-cchia,pro_experience_features_inference,rv_int_ups_tenure,bigint
dbt-cchia,pro_experience_features_inference,rv_int_popeyes_tenure,bigint
dbt-cchia,pro_experience_features_inference,rv_int_target_tenure,bigint
dbt-cchia,pro_experience_features_inference,rv_int_taco_bell_tenure,bigint
dbt-cchia,pro_experience_features_inference,rv_int_fedex_ground_tenure,bigint
dbt-cchia,pro_experience_features_inference,rv_int_chipotle_tenure,bigint
dbt-cchia,pro_experience_features_inference,rv_int_starbucks_tenure,bigint
dbt-cchia,pro_experience_features_inference,rv_int_applebees_tenure,bigint
dbt-cchia,pro_experience_features_inference,rv_int_burger_king_tenure,bigint
dbt-cchia,pro_experience_features_inference,rv_int_subway_tenure,bigint
dbt-cchia,pro_experience_features_inference,rv_int_wendys_tenure,bigint
dbt-cchia,pro_experience_features_inference,rv_int_doordash_tenure,bigint
dbt-cchia,pro_experience_features_inference,rv_int_chick_fil_a_tenure,bigint
dbt-cchia,pro_experience_features_inference,rv_int_pizza_hut_tenure,bigint
dbt-cchia,pro_experience_features_inference,rv_int_ihop_tenure,bigint
dbt-cchia,pro_experience_features_inference,rv_int_panera_bread_tenure,bigint
dbt-cchia,pro_experience_features_inference,rv_int_olive_garden_tenure,bigint
dbt-cchia,pro_experience_features_inference,rv_int_buffalo_wild_wings_tenure,bigint
dbt-cchia,pro_experience_features_inference,rv_int_instacart_tenure,bigint
dbt-cchia,pro_experience_features_inference,rv_int_dominos_tenure,bigint
dbt-cchia,pro_experience_features_inference,rv_int_chilis_tenure,bigint
dbt-cchia,pro_experience_features_inference,rv_int_sonic_tenure,bigint
dbt-cchia,pro_experience_features_inference,rv_int_waffle_house_tenure,bigint
dbt-cchia,pro_experience_features_inference,rv_int_red_lobster_tenure,bigint
dbt-cchia,pro_experience_features_inference,rv_int_dennys_tenure,bigint
dbt-cchia,pro_experience_features_inference,rv_int_kfc_tenure,bigint
dbt-cchia,pro_experience_features_inference,rv_int_the_cheesecake_factory_tenure,bigint
dbt-cchia,pro_experience_features_inference,rv_int_jack_in_the_box_tenure,bigint
dbt-cchia,pro_experience_features_inference,rv_int_dollar_tree_tenure,bigint
dbt-cchia,pro_experience_features_inference,rv_int_little_caesars_pizza_tenure,bigint
dbt-cchia,pro_experience_features_inference,rv_int_walgreens_tenure,bigint
dbt-cchia,pro_experience_features_inference,rv_int_whataburger_tenure,bigint
dbt-cchia,pro_experience_features_inference,rv_int_aramark_tenure,bigint
dbt-cchia,pro_experience_features_inference,rv_int_macys_tenure,bigint
dbt-cchia,pro_experience_features_inference,rv_int_family_dollar_tenure,bigint
dbt-cchia,pro_experience_features_inference,rv_int_allied_universal_tenure,bigint
dbt-cchia,pro_experience_features_inference,rv_int_self_employed_tenure,bigint
dbt-cchia,pro_experience_features_inference,rv_int_lowes_home_improvement_tenure,bigint
dbt-cchia,pro_experience_features_inference,rv_int_outback_steakhouse_tenure,bigint
dbt-cchia,pro_experience_features_inference,rv_int_seven_eleven_tenure,bigint
dbt-cchia,pro_experience_features_inference,rv_int_kroger_tenure,bigint
dbt-cchia,pro_experience_features_inference,rv_int_tgi_fridays_tenure,bigint
dbt-cchia,pro_experience_features_inference,rv_int_united_states_postal_service_tenure,bigint
dbt-cchia,pro_experience_features_inference,rv_int_five_guys_tenure,bigint
dbt-cchia,pro_experience_features_inference,rv_int_ross_dress_for_less_tenure,bigint
dbt-cchia,pro_experience_features_inference,rv_int_dollar_general_tenure,bigint
dbt-cchia,pro_experience_features_inference,rv_int_papa_johns_pizza_tenure,bigint
dbt-cchia,pro_experience_features_inference,rv_int_dunkin_donuts_tenure,bigint
dbt-cchia,pro_experience_features_inference,rv_int_safeway_tenure,bigint
dbt-cchia,pro_experience_features_inference,rv_int_wingstop_tenure,bigint
dbt-cchia,pro_experience_features_inference,rv_int_cracker_barrel_tenure,bigint
dbt-cchia,pro_experience_features_inference,rv_int_shake_shack_tenure,bigint
dbt-cchia,pro_experience_features_inference,rv_int_sodexo_tenure,bigint
dbt-cchia,pro_experience_features_inference,rv_int_costco_wholesale_tenure,bigint
dbt-cchia,pro_experience_features_inference,rv_int_levy_restaurants_tenure,bigint
dbt-cchia,pro_experience_features_inference,rv_int_postmates_tenure,bigint
dbt-cchia,pro_experience_features_inference,rv_int_texas_roadhouse_tenure,bigint
dbt-cchia,pro_experience_features_inference,rv_int_red_robin_tenure,bigint
dbt-cchia,pro_experience_features_inference,rv_int_jimmy_johns_tenure,bigint
dbt-cchia,pro_experience_features_inference,rv_int_us_army_tenure,bigint
dbt-cchia,pro_experience_features_inference,rv_int_wonolo_tenure,bigint
dbt-cchia,pro_experience_features_inference,rv_int_bjs_tenure,bigint
dbt-cchia,pro_experience_features_inference,rv_int_circle_k_tenure,bigint
dbt-cchia,pro_experience_features_inference,rv_int_burlington_tenure,bigint
dbt-cchia,pro_experience_features_inference,rv_int_steak_n_shake_tenure,bigint
dbt-cchia,pro_experience_features_inference,rv_int_raising_canes_tenure,bigint
dbt-cchia,pro_experience_features_inference,rv_int_panda_express_tenure,bigint
dbt-cchia,pro_experience_features_inference,rv_int_kohls_tenure,bigint
dbt-cchia,pro_experience_features_inference,rv_int_best_buy_tenure,bigint
dbt-cchia,pro_experience_features_inference,rv_int_chuck_e_cheese_tenure,bigint
dbt-cchia,pro_experience_features_inference,rv_int_zaxbys_chicken_fingers_buffalo_wings_tenure,bigint
dbt-cchia,pro_experience_features_inference,rv_int_nordstrom_tenure,bigint
dbt-cchia,pro_experience_features_inference,rv_int_cvs_tenure,bigint
dbt-cchia,pro_experience_features_inference,rv_int_arbys_tenure,bigint
dbt-cchia,pro_experience_features_inference,rv_int_lgc_hospitality_tenure,bigint
dbt-cchia,pro_experience_features_inference,rv_int_in_n_out_burger_tenure,bigint
dbt-cchia,pro_experience_features_inference,rv_int_sams_club_tenure,bigint
dbt-cchia,pro_experience_features_inference,rv_int_dave_and_busters_tenure,bigint
dbt-cchia,pro_experience_features_inference,rv_int_forever_21_tenure,bigint
dbt-cchia,pro_experience_features_inference,rv_int_pf_changs_tenure,bigint
dbt-cchia,pro_experience_features_inference,rv_int_ruby_tuesday_tenure,bigint
dbt-cchia,pro_experience_features_inference,rv_int_jcpenney_tenure,bigint
dbt-cchia,pro_experience_features_inference,rv_int_jersey_mikes_subs_tenure,bigint
dbt-cchia,pro_experience_features_inference,rv_int_hooters_tenure,bigint
dbt-cchia,pro_experience_features_inference,rv_int_golden_corral_tenure,bigint
dbt-cchia,pro_experience_features_inference,rv_int_autozone_tenure,bigint
dbt-cchia,pro_experience_features_inference,rv_int_topgolf_tenure,bigint
dbt-cchia,pro_experience_features_inference,rv_int_hellofresh_tenure,bigint
dbt-cchia,pro_experience_features_inference,rv_int_marshalls_tenure,bigint
dbt-cchia,pro_experience_features_inference,rv_int_old_navy_tenure,bigint
dbt-cchia,pro_experience_features_inference,rv_int_express_employment_professionals_tenure,bigint
dbt-cchia,pro_experience_features_inference,rv_int_tesla_tenure,bigint
dbt-cchia,pro_experience_features_inference,rv_int_securitas_tenure,bigint
dbt-cchia,pro_experience_features_inference,rv_int_us_navy_tenure,bigint
dbt-cchia,pro_experience_features_inference,rv_int_tj_maxx_tenure,bigint
dbt-cchia,pro_experience_features_inference,rv_int_white_castle_tenure,bigint
dbt-cchia,pro_experience_features_inference,rv_int_dairy_queen_tenure,bigint
dbt-cchia,pro_experience_features_inference,rv_int_longhorn_steakhouse_tenure,bigint
dbt-cchia,pro_experience_features_inference,rv_int_boston_market_tenure,bigint
dbt-cchia,pro_experience_features_inference,rv_int_lyft_tenure,bigint
dbt-cchia,pro_experience_features_inference,rv_int_del_taco_tenure,bigint
dbt-cchia,pro_experience_features_inference,rv_int_wawa_tenure,bigint
dbt-cchia,pro_experience_features_inference,rv_int_bluecrew_tenure,bigint
dbt-cchia,pro_experience_features_inference,rv_int_heb_tenure,bigint
dbt-cchia,pro_experience_features_inference,rv_int_checkers_tenure,bigint
dbt-cchia,pro_experience_features_inference,rv_int_qwick_tenure,bigint
dbt-cchia,pro_experience_features_inference,rv_int_compass_group_tenure,bigint
dbt-cchia,pro_experience_features_inference,rv_int_cheddars_scratch_kitchen_tenure,bigint
dbt-cchia,pro_experience_features_inference,rv_int_round_table_pizza_tenure,bigint
dbt-cchia,pro_experience_features_inference,rv_int_goodwill_tenure,bigint
dbt-cchia,pro_experience_features_inference,rv_int_sofi_stadium_tenure,bigint
dbt-cchia,pro_experience_features_inference,rv_int_pappadeaux_seafood_kitchen_tenure,bigint
dbt-cchia,pro_experience_features_inference,rv_int_sprouts_farmers_market_tenure,bigint
dbt-cchia,pro_experience_features_inference,rv_int_bath_and_body_works_tenure,bigint
dbt-cchia,pro_experience_features_inference,rv_int_generic_warehouse_tenure,bigint
dbt-cchia,pro_experience_features_inference,rv_int_albertsons_tenure,bigint
dbt-cchia,pro_experience_features_inference,rv_int_sweetgreen_tenure,bigint
dbt-cchia,pro_experience_features_inference,rv_int_bed_bath_and_beyond_tenure,bigint
dbt-cchia,pro_experience_features_inference,rv_int_ihss_tenure,bigint
dbt-cchia,pro_experience_features_inference,rv_int_carls_jr_tenure,bigint
dbt-cchia,pro_experience_features_inference,rv_int_quicktrip_tenure,bigint
dbt-cchia,pro_experience_features_inference,rv_int_foot_locker_tenure,bigint
dbt-cchia,pro_experience_features_inference,rv_int_jewel_osco_tenure,bigint
dbt-cchia,pro_experience_features_inference,rv_int_party_city_tenure,bigint
dbt-cchia,pro_experience_features_inference,rv_int_trader_joes_tenure,bigint
dbt-cchia,pro_experience_features_inference,rv_int_num_unique_current_exps,bigint
dbt-cchia,pro_experience_features_inference,rv_int_num_unique_past_exps,bigint
dbt-cchia,pro_experience_features_inference,rv_int_num_unique_staffing_agency_exps,bigint
dbt-cchia,pro_experience_features_inference,rv_int_num_unique_non_staffing_agency_exps,bigint
dbt-cchia,pro_experience_features_inference,rv_int_current_exp_months,bigint
dbt-cchia,pro_experience_features_inference,rv_int_past_exp_months,bigint
dbt-cchia,pro_experience_features_inference,rv_int_staffing_agency_exp,bigint
dbt-cchia,pro_experience_features_inference,rv_int_non_staffing_agency_exp,bigint
dbt-cchia,pro_hypertrack_features_inference,id_worker_id,integer
dbt-cchia,pro_hypertrack_features_inference,ts_ds,date
dbt-cchia,pro_hypertrack_features_inference,rv_int_cumulative_filled_shifts,bigint
dbt-cchia,pro_hypertrack_features_inference,rv_float_cumulative_avg_pro_tracking_rate,double precision
dbt-cchia,pro_hypertrack_features_inference,rv_float_cumulative_avg_pro_in_fence_rate,double precision
dbt-cchia,pro_position_rating_features_inference,id_worker_id,integer
dbt-cchia,pro_position_rating_features_inference,id_position_id,integer
dbt-cchia,pro_position_rating_features_inference,ts_ds,date
dbt-cchia,pro_position_rating_features_inference,mc_str_ai_coach_approval,character varying
dbt-cchia,pro_position_rating_features_inference,mc_str_resume_position_ai_rating,double precision
dbt-cchia,pro_position_rating_features_inference,b_ai_strong_yes_coach_approval,integer
dbt-cchia,pro_quality_ratings_features_inference,id_worker_id,integer
dbt-cchia,pro_quality_ratings_features_inference,ts_ds,date
dbt-cchia,pro_quality_ratings_features_inference,rv_int_n_negative_attitude_ratings,bigint
dbt-cchia,pro_quality_ratings_features_inference,rv_int_n_positive_attitude_ratings,bigint
dbt-cchia,pro_quality_ratings_features_inference,rv_int_n_negative_trust_and_safety_ratings,bigint
dbt-cchia,pro_quality_ratings_features_inference,rv_int_n_positive_trust_and_safety_ratings,bigint
dbt-cchia,pro_quality_ratings_features_inference,rv_int_n_total_positive_partner_captain_ratings,bigint
dbt-cchia,pro_quality_ratings_features_inference,rv_int_n_total_negative_partner_captain_ratings,bigint
dbt-cchia,pro_quality_ratings_features_inference,rv_int_n_total_blocks,bigint
dbt-cchia,pro_quality_ratings_features_inference,rv_int_n_pos_skill_cat_ratings_barback,bigint
dbt-cchia,pro_quality_ratings_features_inference,rv_int_n_neg_skill_cat_ratings_barback,bigint
dbt-cchia,pro_quality_ratings_features_inference,rv_int_n_pos_attire_cat_ratings_barback,bigint
dbt-cchia,pro_quality_ratings_features_inference,rv_int_n_neg_attire_cat_ratings_barback,bigint
dbt-cchia,pro_quality_ratings_features_inference,rv_int_n_positive_partner_captain_ratings_barback,bigint
dbt-cchia,pro_quality_ratings_features_inference,rv_int_n_negative_partner_captain_ratings_barback,bigint
dbt-cchia,pro_quality_ratings_features_inference,rv_int_n_blocked_shifts_barback,bigint
dbt-cchia,pro_quality_ratings_features_inference,rv_int_n_pos_skill_cat_ratings_bartender,bigint
dbt-cchia,pro_quality_ratings_features_inference,rv_int_n_neg_skill_cat_ratings_bartender,bigint
dbt-cchia,pro_quality_ratings_features_inference,rv_int_n_pos_attire_cat_ratings_bartender,bigint
dbt-cchia,pro_quality_ratings_features_inference,rv_int_n_neg_attire_cat_ratings_bartender,bigint
dbt-cchia,pro_quality_ratings_features_inference,rv_int_n_positive_partner_captain_ratings_bartender,bigint
dbt-cchia,pro_quality_ratings_features_inference,rv_int_n_negative_partner_captain_ratings_bartender,bigint
dbt-cchia,pro_quality_ratings_features_inference,rv_int_n_blocked_shifts_bartender,bigint
dbt-cchia,pro_quality_ratings_features_inference,rv_int_n_pos_skill_cat_ratings_brand_ambassador,bigint
dbt-cchia,pro_quality_ratings_features_inference,rv_int_n_neg_skill_cat_ratings_brand_ambassador,bigint
dbt-cchia,pro_quality_ratings_features_inference,rv_int_n_pos_attire_cat_ratings_brand_ambassador,bigint
dbt-cchia,pro_quality_ratings_features_inference,rv_int_n_neg_attire_cat_ratings_brand_ambassador,bigint
dbt-cchia,pro_quality_ratings_features_inference,rv_int_n_positive_partner_captain_ratings_brand_ambassador,bigint
dbt-cchia,pro_quality_ratings_features_inference,rv_int_n_negative_partner_captain_ratings_brand_ambassador,bigint
dbt-cchia,pro_quality_ratings_features_inference,rv_int_n_blocked_shifts_brand_ambassador,bigint
dbt-cchia,pro_quality_ratings_features_inference,rv_int_n_pos_skill_cat_ratings_busser,bigint
dbt-cchia,pro_quality_ratings_features_inference,rv_int_n_neg_skill_cat_ratings_busser,bigint
dbt-cchia,pro_quality_ratings_features_inference,rv_int_n_pos_attire_cat_ratings_busser,bigint
dbt-cchia,pro_quality_ratings_features_inference,rv_int_n_neg_attire_cat_ratings_busser,bigint
dbt-cchia,pro_quality_ratings_features_inference,rv_int_n_positive_partner_captain_ratings_busser,bigint
dbt-cchia,pro_quality_ratings_features_inference,rv_int_n_negative_partner_captain_ratings_busser,bigint
dbt-cchia,pro_quality_ratings_features_inference,rv_int_n_blocked_shifts_busser,bigint
dbt-cchia,pro_quality_ratings_features_inference,rv_int_n_pos_skill_cat_ratings_concession__stand_worker,bigint
dbt-cchia,pro_quality_ratings_features_inference,rv_int_n_neg_skill_cat_ratings_concession__stand_worker,bigint
dbt-cchia,pro_quality_ratings_features_inference,rv_int_n_pos_attire_cat_ratings_concession__stand_worker,bigint
dbt-cchia,pro_quality_ratings_features_inference,rv_int_n_neg_attire_cat_ratings_concession__stand_worker,bigint
dbt-cchia,pro_quality_ratings_features_inference,rv_int_n_positive_partner_captain_ratings_concession__stand_worker,bigint
dbt-cchia,pro_quality_ratings_features_inference,rv_int_n_negative_partner_captain_ratings_concession__stand_worker,bigint
dbt-cchia,pro_quality_ratings_features_inference,rv_int_n_blocked_shifts_concession__stand_worker,bigint
dbt-cchia,pro_quality_ratings_features_inference,rv_int_n_pos_skill_cat_ratings_counter_staff__cashier,bigint
dbt-cchia,pro_quality_ratings_features_inference,rv_int_n_neg_skill_cat_ratings_counter_staff__cashier,bigint
dbt-cchia,pro_quality_ratings_features_inference,rv_int_n_pos_attire_cat_ratings_counter_staff__cashier,bigint
dbt-cchia,pro_quality_ratings_features_inference,rv_int_n_neg_attire_cat_ratings_counter_staff__cashier,bigint
dbt-cchia,pro_quality_ratings_features_inference,rv_int_n_positive_partner_captain_ratings_counter_staff__cashier,bigint
dbt-cchia,pro_quality_ratings_features_inference,rv_int_n_negative_partner_captain_ratings_counter_staff__cashier,bigint
dbt-cchia,pro_quality_ratings_features_inference,rv_int_n_blocked_shifts_counter_staff__cashier,bigint
dbt-cchia,pro_quality_ratings_features_inference,rv_int_n_pos_skill_cat_ratings_custodial,bigint
dbt-cchia,pro_quality_ratings_features_inference,rv_int_n_neg_skill_cat_ratings_custodial,bigint
dbt-cchia,pro_quality_ratings_features_inference,rv_int_n_pos_attire_cat_ratings_custodial,bigint
dbt-cchia,pro_quality_ratings_features_inference,rv_int_n_neg_attire_cat_ratings_custodial,bigint
dbt-cchia,pro_quality_ratings_features_inference,rv_int_n_positive_partner_captain_ratings_custodial,bigint
dbt-cchia,pro_quality_ratings_features_inference,rv_int_n_negative_partner_captain_ratings_custodial,bigint
dbt-cchia,pro_quality_ratings_features_inference,rv_int_n_blocked_shifts_custodial,bigint
dbt-cchia,pro_quality_ratings_features_inference,rv_int_n_pos_skill_cat_ratings_dishwasher,bigint
dbt-cchia,pro_quality_ratings_features_inference,rv_int_n_neg_skill_cat_ratings_dishwasher,bigint
dbt-cchia,pro_quality_ratings_features_inference,rv_int_n_pos_attire_cat_ratings_dishwasher,bigint
dbt-cchia,pro_quality_ratings_features_inference,rv_int_n_neg_attire_cat_ratings_dishwasher,bigint
dbt-cchia,pro_quality_ratings_features_inference,rv_int_n_positive_partner_captain_ratings_dishwasher,bigint
dbt-cchia,pro_quality_ratings_features_inference,rv_int_n_negative_partner_captain_ratings_dishwasher,bigint
dbt-cchia,pro_quality_ratings_features_inference,rv_int_n_blocked_shifts_dishwasher,bigint
dbt-cchia,pro_quality_ratings_features_inference,rv_int_n_pos_skill_cat_ratings_event_server,bigint
dbt-cchia,pro_quality_ratings_features_inference,rv_int_n_neg_skill_cat_ratings_event_server,bigint
dbt-cchia,pro_quality_ratings_features_inference,rv_int_n_pos_attire_cat_ratings_event_server,bigint
dbt-cchia,pro_quality_ratings_features_inference,rv_int_n_neg_attire_cat_ratings_event_server,bigint
dbt-cchia,pro_quality_ratings_features_inference,rv_int_n_positive_partner_captain_ratings_event_server,bigint
dbt-cchia,pro_quality_ratings_features_inference,rv_int_n_negative_partner_captain_ratings_event_server,bigint
dbt-cchia,pro_quality_ratings_features_inference,rv_int_n_blocked_shifts_event_server,bigint
dbt-cchia,pro_quality_ratings_features_inference,rv_int_n_pos_skill_cat_ratings_event_setup_and_takedown,bigint
dbt-cchia,pro_quality_ratings_features_inference,rv_int_n_neg_skill_cat_ratings_event_setup_and_takedown,bigint
dbt-cchia,pro_quality_ratings_features_inference,rv_int_n_pos_attire_cat_ratings_event_setup_and_takedown,bigint
dbt-cchia,pro_quality_ratings_features_inference,rv_int_n_neg_attire_cat_ratings_event_setup_and_takedown,bigint
dbt-cchia,pro_quality_ratings_features_inference,rv_int_n_positive_partner_captain_ratings_event_setup_and_takedown,bigint
dbt-cchia,pro_quality_ratings_features_inference,rv_int_n_negative_partner_captain_ratings_event_setup_and_takedown,bigint
dbt-cchia,pro_quality_ratings_features_inference,rv_int_n_blocked_shifts_event_setup_and_takedown,bigint
dbt-cchia,pro_quality_ratings_features_inference,rv_int_n_pos_skill_cat_ratings_food_service_worker,bigint
dbt-cchia,pro_quality_ratings_features_inference,rv_int_n_neg_skill_cat_ratings_food_service_worker,bigint
dbt-cchia,pro_quality_ratings_features_inference,rv_int_n_pos_attire_cat_ratings_food_service_worker,bigint
dbt-cchia,pro_quality_ratings_features_inference,rv_int_n_neg_attire_cat_ratings_food_service_worker,bigint
dbt-cchia,pro_quality_ratings_features_inference,rv_int_n_positive_partner_captain_ratings_food_service_worker,bigint
dbt-cchia,pro_quality_ratings_features_inference,rv_int_n_negative_partner_captain_ratings_food_service_worker,bigint
dbt-cchia,pro_quality_ratings_features_inference,rv_int_n_blocked_shifts_food_service_worker,bigint
dbt-cchia,pro_quality_ratings_features_inference,rv_int_n_pos_skill_cat_ratings_forklift_driver,bigint
dbt-cchia,pro_quality_ratings_features_inference,rv_int_n_neg_skill_cat_ratings_forklift_driver,bigint
dbt-cchia,pro_quality_ratings_features_inference,rv_int_n_pos_attire_cat_ratings_forklift_driver,bigint
dbt-cchia,pro_quality_ratings_features_inference,rv_int_n_neg_attire_cat_ratings_forklift_driver,bigint
dbt-cchia,pro_quality_ratings_features_inference,rv_int_n_positive_partner_captain_ratings_forklift_driver,bigint
dbt-cchia,pro_quality_ratings_features_inference,rv_int_n_negative_partner_captain_ratings_forklift_driver,bigint
dbt-cchia,pro_quality_ratings_features_inference,rv_int_n_blocked_shifts_forklift_driver,bigint
dbt-cchia,pro_quality_ratings_features_inference,rv_int_n_pos_skill_cat_ratings_general_labor,bigint
dbt-cchia,pro_quality_ratings_features_inference,rv_int_n_neg_skill_cat_ratings_general_labor,bigint
dbt-cchia,pro_quality_ratings_features_inference,rv_int_n_pos_attire_cat_ratings_general_labor,bigint
dbt-cchia,pro_quality_ratings_features_inference,rv_int_n_neg_attire_cat_ratings_general_labor,bigint
dbt-cchia,pro_quality_ratings_features_inference,rv_int_n_positive_partner_captain_ratings_general_labor,bigint
dbt-cchia,pro_quality_ratings_features_inference,rv_int_n_negative_partner_captain_ratings_general_labor,bigint
dbt-cchia,pro_quality_ratings_features_inference,rv_int_n_blocked_shifts_general_labor,bigint
dbt-cchia,pro_quality_ratings_features_inference,rv_int_n_pos_skill_cat_ratings_housekeeper,bigint
dbt-cchia,pro_quality_ratings_features_inference,rv_int_n_neg_skill_cat_ratings_housekeeper,bigint
dbt-cchia,pro_quality_ratings_features_inference,rv_int_n_pos_attire_cat_ratings_housekeeper,bigint
dbt-cchia,pro_quality_ratings_features_inference,rv_int_n_neg_attire_cat_ratings_housekeeper,bigint
dbt-cchia,pro_quality_ratings_features_inference,rv_int_n_positive_partner_captain_ratings_housekeeper,bigint
dbt-cchia,pro_quality_ratings_features_inference,rv_int_n_negative_partner_captain_ratings_housekeeper,bigint
dbt-cchia,pro_quality_ratings_features_inference,rv_int_n_blocked_shifts_housekeeper,bigint
dbt-cchia,pro_quality_ratings_features_inference,rv_int_n_pos_skill_cat_ratings_housekeeping_assistant,bigint
dbt-cchia,pro_quality_ratings_features_inference,rv_int_n_neg_skill_cat_ratings_housekeeping_assistant,bigint
dbt-cchia,pro_quality_ratings_features_inference,rv_int_n_pos_attire_cat_ratings_housekeeping_assistant,bigint
dbt-cchia,pro_quality_ratings_features_inference,rv_int_n_neg_attire_cat_ratings_housekeeping_assistant,bigint
dbt-cchia,pro_quality_ratings_features_inference,rv_int_n_positive_partner_captain_ratings_housekeeping_assistant,bigint
dbt-cchia,pro_quality_ratings_features_inference,rv_int_n_negative_partner_captain_ratings_housekeeping_assistant,bigint
dbt-cchia,pro_quality_ratings_features_inference,rv_int_n_blocked_shifts_housekeeping_assistant,bigint
dbt-cchia,pro_quality_ratings_features_inference,rv_int_n_pos_skill_cat_ratings_line_cook,bigint
dbt-cchia,pro_quality_ratings_features_inference,rv_int_n_neg_skill_cat_ratings_line_cook,bigint
dbt-cchia,pro_quality_ratings_features_inference,rv_int_n_pos_attire_cat_ratings_line_cook,bigint
dbt-cchia,pro_quality_ratings_features_inference,rv_int_n_neg_attire_cat_ratings_line_cook,bigint
dbt-cchia,pro_quality_ratings_features_inference,rv_int_n_positive_partner_captain_ratings_line_cook,bigint
dbt-cchia,pro_quality_ratings_features_inference,rv_int_n_negative_partner_captain_ratings_line_cook,bigint
dbt-cchia,pro_quality_ratings_features_inference,rv_int_n_blocked_shifts_line_cook,bigint
dbt-cchia,pro_quality_ratings_features_inference,rv_int_n_pos_skill_cat_ratings_merchandiser,bigint
dbt-cchia,pro_quality_ratings_features_inference,rv_int_n_neg_skill_cat_ratings_merchandiser,bigint
dbt-cchia,pro_quality_ratings_features_inference,rv_int_n_pos_attire_cat_ratings_merchandiser,bigint
dbt-cchia,pro_quality_ratings_features_inference,rv_int_n_neg_attire_cat_ratings_merchandiser,bigint
dbt-cchia,pro_quality_ratings_features_inference,rv_int_n_positive_partner_captain_ratings_merchandiser,bigint
dbt-cchia,pro_quality_ratings_features_inference,rv_int_n_negative_partner_captain_ratings_merchandiser,bigint
dbt-cchia,pro_quality_ratings_features_inference,rv_int_n_blocked_shifts_merchandiser,bigint
dbt-cchia,pro_quality_ratings_features_inference,rv_int_n_pos_skill_cat_ratings_onsite_captain,bigint
dbt-cchia,pro_quality_ratings_features_inference,rv_int_n_neg_skill_cat_ratings_onsite_captain,bigint
dbt-cchia,pro_quality_ratings_features_inference,rv_int_n_pos_attire_cat_ratings_onsite_captain,bigint
dbt-cchia,pro_quality_ratings_features_inference,rv_int_n_neg_attire_cat_ratings_onsite_captain,bigint
dbt-cchia,pro_quality_ratings_features_inference,rv_int_n_positive_partner_captain_ratings_onsite_captain,bigint
dbt-cchia,pro_quality_ratings_features_inference,rv_int_n_negative_partner_captain_ratings_onsite_captain,bigint
dbt-cchia,pro_quality_ratings_features_inference,rv_int_n_blocked_shifts_onsite_captain,bigint
dbt-cchia,pro_quality_ratings_features_inference,rv_int_n_pos_skill_cat_ratings_prep_cook,bigint
dbt-cchia,pro_quality_ratings_features_inference,rv_int_n_neg_skill_cat_ratings_prep_cook,bigint
dbt-cchia,pro_quality_ratings_features_inference,rv_int_n_pos_attire_cat_ratings_prep_cook,bigint
dbt-cchia,pro_quality_ratings_features_inference,rv_int_n_neg_attire_cat_ratings_prep_cook,bigint
dbt-cchia,pro_quality_ratings_features_inference,rv_int_n_positive_partner_captain_ratings_prep_cook,bigint
dbt-cchia,pro_quality_ratings_features_inference,rv_int_n_negative_partner_captain_ratings_prep_cook,bigint
dbt-cchia,pro_quality_ratings_features_inference,rv_int_n_blocked_shifts_prep_cook,bigint
dbt-cchia,pro_quality_ratings_features_inference,rv_int_n_pos_skill_cat_ratings_runner,bigint
dbt-cchia,pro_quality_ratings_features_inference,rv_int_n_neg_skill_cat_ratings_runner,bigint
dbt-cchia,pro_quality_ratings_features_inference,rv_int_n_pos_attire_cat_ratings_runner,bigint
dbt-cchia,pro_quality_ratings_features_inference,rv_int_n_neg_attire_cat_ratings_runner,bigint
dbt-cchia,pro_quality_ratings_features_inference,rv_int_n_positive_partner_captain_ratings_runner,bigint
dbt-cchia,pro_quality_ratings_features_inference,rv_int_n_negative_partner_captain_ratings_runner,bigint
dbt-cchia,pro_quality_ratings_features_inference,rv_int_n_blocked_shifts_runner,bigint
dbt-cchia,pro_quality_ratings_features_inference,rv_int_n_pos_skill_cat_ratings_supervisor,bigint
dbt-cchia,pro_quality_ratings_features_inference,rv_int_n_neg_skill_cat_ratings_supervisor,bigint
dbt-cchia,pro_quality_ratings_features_inference,rv_int_n_pos_attire_cat_ratings_supervisor,bigint
dbt-cchia,pro_quality_ratings_features_inference,rv_int_n_neg_attire_cat_ratings_supervisor,bigint
dbt-cchia,pro_quality_ratings_features_inference,rv_int_n_positive_partner_captain_ratings_supervisor,bigint
dbt-cchia,pro_quality_ratings_features_inference,rv_int_n_negative_partner_captain_ratings_supervisor,bigint
dbt-cchia,pro_quality_ratings_features_inference,rv_int_n_blocked_shifts_supervisor,bigint
dbt-cchia,pro_quality_ratings_features_inference,rv_int_n_pos_skill_cat_ratings_vip_event_server,bigint
dbt-cchia,pro_quality_ratings_features_inference,rv_int_n_neg_skill_cat_ratings_vip_event_server,bigint
dbt-cchia,pro_quality_ratings_features_inference,rv_int_n_pos_attire_cat_ratings_vip_event_server,bigint
dbt-cchia,pro_quality_ratings_features_inference,rv_int_n_neg_attire_cat_ratings_vip_event_server,bigint
dbt-cchia,pro_quality_ratings_features_inference,rv_int_n_positive_partner_captain_ratings_vip_event_server,bigint
dbt-cchia,pro_quality_ratings_features_inference,rv_int_n_negative_partner_captain_ratings_vip_event_server,bigint
dbt-cchia,pro_quality_ratings_features_inference,rv_int_n_blocked_shifts_vip_event_server,bigint
dbt-cchia,pro_quality_ratings_features_inference,rv_int_n_pos_skill_cat_ratings_warehouse_admin,bigint
dbt-cchia,pro_quality_ratings_features_inference,rv_int_n_neg_skill_cat_ratings_warehouse_admin,bigint
dbt-cchia,pro_quality_ratings_features_inference,rv_int_n_pos_attire_cat_ratings_warehouse_admin,bigint
dbt-cchia,pro_quality_ratings_features_inference,rv_int_n_neg_attire_cat_ratings_warehouse_admin,bigint
dbt-cchia,pro_quality_ratings_features_inference,rv_int_n_positive_partner_captain_ratings_warehouse_admin,bigint
dbt-cchia,pro_quality_ratings_features_inference,rv_int_n_negative_partner_captain_ratings_warehouse_admin,bigint
dbt-cchia,pro_quality_ratings_features_inference,rv_int_n_blocked_shifts_warehouse_admin,bigint
dbt-cchia,pro_quality_ratings_features_inference,rv_int_n_pos_skill_cat_ratings_warehouse_associate_entry_level,bigint
dbt-cchia,pro_quality_ratings_features_inference,rv_int_n_neg_skill_cat_ratings_warehouse_associate_entry_level,bigint
dbt-cchia,pro_quality_ratings_features_inference,rv_int_n_pos_attire_cat_ratings_warehouse_associate_entry_level,bigint
dbt-cchia,pro_quality_ratings_features_inference,rv_int_n_neg_attire_cat_ratings_warehouse_associate_entry_level,bigint
dbt-cchia,pro_quality_ratings_features_inference,rv_int_n_positive_partner_captain_ratings_warehouse_associate_entry_level,bigint
dbt-cchia,pro_quality_ratings_features_inference,rv_int_n_negative_partner_captain_ratings_warehouse_associate_entry_level,bigint
dbt-cchia,pro_quality_ratings_features_inference,rv_int_n_blocked_shifts_warehouse_associate_entry_level,bigint
dbt-cchia,pro_quality_ratings_features_inference,rv_int_n_pos_skill_cat_ratings_warehouse_associate_intermediate,bigint
dbt-cchia,pro_quality_ratings_features_inference,rv_int_n_neg_skill_cat_ratings_warehouse_associate_intermediate,bigint
dbt-cchia,pro_quality_ratings_features_inference,rv_int_n_pos_attire_cat_ratings_warehouse_associate_intermediate,bigint
dbt-cchia,pro_quality_ratings_features_inference,rv_int_n_neg_attire_cat_ratings_warehouse_associate_intermediate,bigint
dbt-cchia,pro_quality_ratings_features_inference,rv_int_n_positive_partner_captain_ratings_warehouse_associate_intermediate,bigint
dbt-cchia,pro_quality_ratings_features_inference,rv_int_n_negative_partner_captain_ratings_warehouse_associate_intermediate,bigint
dbt-cchia,pro_quality_ratings_features_inference,rv_int_n_blocked_shifts_warehouse_associate_intermediate,bigint
dbt-cchia,pro_quiz_features_inference,id_worker_id,integer
dbt-cchia,pro_quiz_features_inference,ts_ds,date
dbt-cchia,pro_quiz_features_inference,rv_int_num_quiz_attempted,bigint
dbt-cchia,pro_quiz_features_inference,rv_int_num_quiz_passed,bigint
dbt-cchia,pro_quiz_features_inference,rv_int_total_correct_answers,double precision
dbt-cchia,pro_quiz_features_inference,rv_int_total_questions_attempted,double precision
dbt-cchia,pro_quiz_features_inference,rv_int_quiz_attempt_days,bigint
dbt-cchia,pro_quiz_features_inference,rv_int_quiz_attempts_l30d,bigint
dbt-cchia,pro_quiz_features_inference,rv_int_quiz_attempts_l90d,bigint
dbt-cchia,pro_quiz_features_inference,rv_int_num_unique_quiz_configs,bigint
dbt-cchia,pro_quiz_features_inference,rv_float_avg_pass_quiz_score,numeric
dbt-cchia,pro_quiz_features_inference,rv_int_offshift_num_quiz_attempted,bigint
dbt-cchia,pro_quiz_features_inference,rv_int_offshift_num_quiz_passed,bigint
dbt-cchia,pro_quiz_features_inference,rv_float_offshift_avg_quiz_score,numeric
dbt-cchia,pro_quiz_features_inference,rv_int_offshift_total_correct_answers,double precision
dbt-cchia,pro_quiz_features_inference,rv_int_offshift_total_questions_attempted,double precision
dbt-cchia,pro_quiz_features_inference,rv_float_offshift_avg_quiz_accuracy,double precision
dbt-cchia,pro_quiz_features_inference,rv_float_avg_quiz_accuracy,double precision
dbt-cchia,pro_quiz_features_inference,rv_float_avg_quiz_score,numeric
dbt-cchia,pro_quiz_features_inference,rv_float_min_quiz_score,numeric
dbt-cchia,pro_quiz_features_inference,rv_float_max_quiz_score,numeric
dbt-cchia,pro_quiz_features_inference,rv_float_quiz_score_stddev,double precision
dbt-cchia,pro_quiz_features_inference,rv_float_quiz_pass_rate,double precision
dbt-cchia,pro_quiz_features_inference,rv_float_barback_overview_score,numeric
dbt-cchia,pro_quiz_features_inference,rv_float_cocktail_tools_score,numeric
dbt-cchia,pro_quiz_features_inference,rv_float_coffee_drinks_score,numeric
dbt-cchia,pro_quiz_features_inference,rv_float_dish_prep_score,numeric
dbt-cchia,pro_quiz_features_inference,rv_float_food_safety_score,numeric
dbt-cchia,pro_quiz_features_inference,rv_float_glassware_score,numeric
dbt-cchia,pro_quiz_features_inference,rv_float_housekeeper_score,numeric
dbt-cchia,pro_quiz_features_inference,rv_float_serving_technique_score,numeric
dbt-cchia,pro_quiz_features_inference,rv_float_line_cook_quiz_score,numeric
dbt-cchia,pro_quiz_features_inference,rv_float_quiz_barback_overview_score,numeric
dbt-cchia,pro_quiz_features_inference,ts_earliest_quiz_attempt,timestamp without time zone
dbt-cchia,pro_quiz_features_inference,ts_latest_quiz_attempt,timestamp without time zone
dbt-cchia,pro_quiz_features_inference,rv_int_num_days_from_earliest_attempt,bigint
dbt-cchia,pro_quiz_features_inference,rv_int_num_days_from_latest_attempt,bigint
dbt-cchia,pro_quiz_features_inference,rv_int_days_since_first_quiz,bigint
dbt-cchia,pro_quiz_features_inference,rv_int_days_since_last_quiz,bigint
dbt-cchia,pro_quiz_features_inference,b_has_taken_quiz,integer
dbt-cchia,pro_quiz_features_inference,b_has_passed_quiz,integer
dbt-cchia,pro_quiz_features_inference,b_high_quiz_performer,integer
dbt-cchia,pro_quiz_features_inference,b_consistent_quiz_performer,integer
dbt-cchia,pro_quiz_features_inference,b_recent_quiz_activity,integer
dbt-cchia,pro_referral_features_inference,id_worker_id,integer
dbt-cchia,pro_referral_features_inference,ts_ds,date
dbt-cchia,pro_referral_features_inference,rv_int_num_references,bigint
dbt-cchia,pro_referral_features_inference,rv_float_avg_reference_completeness,numeric
dbt-cchia,pro_referral_features_inference,rv_int_num_complete_references,bigint
dbt-cchia,pro_referral_features_inference,rv_int_num_high_quality_references,bigint
dbt-cchia,pro_referral_features_inference,rv_int_num_references_with_email,bigint
dbt-cchia,pro_referral_features_inference,rv_int_num_references_with_phone,bigint
dbt-cchia,pro_referral_features_inference,ts_earliest_reference_date,timestamp without time zone
dbt-cchia,pro_referral_features_inference,ts_latest_reference_date,timestamp without time zone
dbt-cchia,pro_referral_features_inference,rv_int_days_since_first_reference,bigint
dbt-cchia,pro_referral_features_inference,rv_int_days_since_last_reference,bigint
dbt-cchia,pro_referral_features_inference,rv_int_references_added_l30d,bigint
dbt-cchia,pro_referral_features_inference,rv_int_references_added_l90d,bigint
dbt-cchia,pro_referral_features_inference,b_has_references,integer
dbt-cchia,pro_referral_features_inference,b_has_strong_reference_network,integer
dbt-cchia,pro_referral_features_inference,b_has_high_quality_references,integer
dbt-cchia,pro_referral_features_inference,b_recent_reference_activity,integer
dbt-cchia,pro_referral_features_inference,b_is_reference_signup,integer
dbt-cchia,pro_referral_features_inference,mc_str_acquisition_type,character varying
dbt-cchia,pro_referral_features_inference,rv_float_referrer_quality_score,numeric
dbt-cchia,pro_referral_features_inference,rv_float_referrer_avg_rating,double precision
dbt-cchia,pro_referral_features_inference,rv_int_referrer_n_filled_shifts,bigint
dbt-cchia,pro_referral_features_inference,rv_int_referrers_time_tenure_days,bigint
dbt-cchia,pro_referral_features_inference,rv_int_referrer_referrees_n_filled_shifts,bigint
dbt-cchia,pro_referral_features_inference,rv_float_referrer_referrees_avg_rating,double precision
dbt-cchia,pro_referral_features_inference,rv_int_referrer_referrees_n_pos_rated_shifts,bigint
dbt-cchia,pro_referral_features_inference,rv_int_referrer_referrees_n_neg_rated_shifts,bigint
dbt-cchia,pro_referral_features_inference,rv_float_referrer_avg_rating_duplicate,double precision
dbt-cchia,pro_referral_features_inference,rv_float_referrer_referrees_avg_rating_duplicate,double precision
dbt-cchia,pro_referral_features_inference,rv_float_reference_completeness_rate,double precision
dbt-cchia,pro_referral_features_inference,rv_float_high_quality_reference_rate,double precision
dbt-cchia,pro_referral_features_inference,rv_float_overall_referral_network_score,numeric
dbt-cchia,pro_resume_features_inference,id_worker_id,integer
dbt-cchia,pro_resume_features_inference,ts_ds,date
dbt-cchia,pro_resume_features_inference,rv_int_resume_text_len,integer
dbt-cchia,pro_resume_features_inference,rv_float_resume_professionalism_ai_rating,double precision
dbt-cchia,pro_resume_features_inference,mc_str_rating_type,character varying
dbt-cchia,pro_resume_features_inference,b_has_resume_text,integer
dbt-cchia,pro_resume_features_inference,b_has_substantial_resume,integer
dbt-cchia,pro_resume_features_inference,b_has_detailed_resume,integer
dbt-cchia,pro_resume_features_inference,ts_resume_created_at,timestamp without time zone
dbt-cchia,pro_resume_features_inference,ts_resume_updated_at,timestamp without time zone
dbt-cchia,pro_resume_features_inference,ts_ai_evaluation_created_at,timestamp without time zone
dbt-cchia,pro_resume_features_inference,rv_int_days_since_resume_created,bigint
dbt-cchia,pro_resume_features_inference,rv_int_days_since_resume_updated,bigint
dbt-cchia,pro_resume_features_inference,rv_int_days_since_ai_evaluation,bigint
dbt-cchia,pro_resume_features_inference,b_resume_updated_recently,integer
dbt-cchia,pro_resume_features_inference,b_resume_updated_l90d,integer
dbt-cchia,pro_resume_features_inference,b_ai_evaluation_recent,integer
dbt-cchia,pro_shift_features_inference,id_shift_id,integer
dbt-cchia,pro_shift_features_inference,id_shift_group_id,integer
dbt-cchia,pro_shift_features_inference,id_worker_id,integer
dbt-cchia,pro_shift_features_inference,id_business_id,integer
dbt-cchia,pro_shift_features_inference,id_position_id,integer
dbt-cchia,pro_shift_features_inference,id_company_id,integer
dbt-cchia,pro_shift_features_inference,ts_ds,date
dbt-cchia,pro_shift_features_inference,b_is_filled,integer
dbt-cchia,pro_shift_features_inference,b_is_cancelled,smallint
dbt-cchia,pro_shift_features_inference,ts_shift_group_starts_at,timestamp without time zone
dbt-cchia,pro_shift_features_inference,ts_shift_group_ends_at,timestamp without time zone
dbt-cchia,pro_shift_features_inference,rv_int_shift_duration_hours,bigint
dbt-cchia,pro_shift_features_inference,rv_float_rating_by_business,integer
dbt-cchia,pro_shift_features_inference,rv_float_rating_by_worker,integer
dbt-cchia,pro_shift_features_inference,b_has_business_rating,integer
dbt-cchia,pro_shift_features_inference,b_has_worker_rating,integer
dbt-cchia,pro_shift_features_inference,rv_float_business_rate_usd,numeric
dbt-cchia,pro_shift_features_inference,rv_float_worker_rate_usd,numeric
dbt-cchia,pro_shift_features_inference,rv_int_day_of_week,integer
dbt-cchia,pro_shift_features_inference,rv_int_hour_of_day,integer
dbt-cchia,pro_shift_features_inference,b_is_weekend,integer
dbt-cchia,pro_shift_features_inference,b_is_daytime,integer
dbt-cchia,pro_shift_features_inference,b_has_shift_group,integer
dbt-cchia,pro_shift_features_inference,b_has_excellent_business_rating,integer
dbt-cchia,pro_shift_features_inference,b_has_excellent_worker_rating,integer
dbt-cchia,pro_shift_features_inference,b_has_good_business_rating,integer
dbt-cchia,pro_shift_features_inference,b_has_good_worker_rating,integer
dbt-cchia,pro_shift_features_inference,b_is_morning_shift,integer
dbt-cchia,pro_shift_features_inference,b_is_afternoon_shift,integer
dbt-cchia,pro_shift_features_inference,b_is_evening_night_shift,integer
dbt-cchia,pro_shift_features_inference,b_is_short_shift,integer
dbt-cchia,pro_shift_features_inference,b_is_regular_shift,integer
dbt-cchia,pro_shift_features_inference,b_is_long_shift,integer
dbt-cchia,pro_shift_features_inference,b_is_shift_lead,smallint
dbt-cchia,pro_shift_features_inference,rv_int_days_between_shift_and_worker_assigned,bigint
dbt-cchia,pro_shift_features_inference,rv_float_booking_applicant_rate_usd,numeric
dbt-cchia,pro_shift_features_inference,rv_float_current_applicant_rate_usd,numeric
dbt-cchia,pro_shift_features_inference,rv_float_pro_booking_rate_shift_earning,numeric
dbt-cchia,pro_shift_features_inference,rv_float_pro_current_rate_shift_earning,numeric
dbt-cchia,pro_shift_features_inference,b_is_background_check_required,smallint
dbt-cchia,pro_shift_features_inference,b_is_break_paid,smallint
dbt-cchia,pro_shift_features_inference,b_is_free_food_provided,smallint
dbt-cchia,pro_shift_features_inference,b_is_long_term_shift,smallint
dbt-cchia,pro_shift_features_inference,b_is_w2_required,smallint
dbt-cchia,pro_shift_features_inference,b_is_parking_available,integer
dbt-cchia,pro_shift_features_inference,mc_str_local_day_of_week,integer
dbt-cchia,pro_shift_features_inference,mc_str_local_start_hour,integer
dbt-cchia,pro_shift_features_inference,ts_local_starts_at,timestamp without time zone
dbt-cchia,pro_shift_features_inference,id_original_shift_group_id,integer
dbt-cchia,pro_shift_features_inference,rv_int_break_length,integer
dbt-cchia,pro_shift_features_inference,ts_event_created_at,timestamp without time zone
dbt-cchia,pro_shift_features_inference,ts_event_recorded_at,timestamp without time zone
dbt-cchia,pro_shift_features_inference,mc_str_event,integer
dbt-cchia,pro_shift_features_inference,rv_float_original_shift_duration_hours,numeric
dbt-cchia,pro_shift_features_inference,rv_float_original_total_shift_amount,numeric
dbt-cchia,pro_shift_features_inference,rv_float_shift_booking_fee,numeric
dbt-cchia,pro_shift_outcome_features_inference,id_worker_id,integer
dbt-cchia,pro_shift_outcome_features_inference,ts_ds,date
dbt-cchia,pro_shift_outcome_features_inference,rv_int_n_filled_shifts,bigint
dbt-cchia,pro_shift_outcome_features_inference,rv_int_n_non_urgent_defect,bigint
dbt-cchia,pro_shift_outcome_features_inference,rv_int_n_urgent_defect_auto_cancel,bigint
dbt-cchia,pro_shift_outcome_features_inference,rv_int_n_urgent_defect,bigint
dbt-cchia,pro_shift_outcome_features_inference,rv_int_n_business_cancelled,bigint
dbt-cchia,pro_shift_outcome_features_inference,rv_int_n_other_urgent_defect,bigint
dbt-cchia,pro_shift_outcome_features_inference,rv_int_n_assigned_shifts,bigint
dbt-cchia,pro_shift_outcome_features_inference,rv_int_n_filled_barback,bigint
dbt-cchia,pro_shift_outcome_features_inference,rv_int_n_filled_bartender,bigint
dbt-cchia,pro_shift_outcome_features_inference,rv_int_n_filled_brand_ambassador,bigint
dbt-cchia,pro_shift_outcome_features_inference,rv_int_n_filled_busser,bigint
dbt-cchia,pro_shift_outcome_features_inference,rv_int_n_filled_concession__stand_worker,bigint
dbt-cchia,pro_shift_outcome_features_inference,rv_int_n_filled_counter_staff__cashier,bigint
dbt-cchia,pro_shift_outcome_features_inference,rv_int_n_filled_custodial,bigint
dbt-cchia,pro_shift_outcome_features_inference,rv_int_n_filled_dishwasher,bigint
dbt-cchia,pro_shift_outcome_features_inference,rv_int_n_filled_event_server,bigint
dbt-cchia,pro_shift_outcome_features_inference,rv_int_n_filled_event_setup_and_takedown,bigint
dbt-cchia,pro_shift_outcome_features_inference,rv_int_n_filled_food_service_worker,bigint
dbt-cchia,pro_shift_outcome_features_inference,rv_int_n_filled_forklift_driver,bigint
dbt-cchia,pro_shift_outcome_features_inference,rv_int_n_filled_general_labor,bigint
dbt-cchia,pro_shift_outcome_features_inference,rv_int_n_filled_housekeeper,bigint
dbt-cchia,pro_shift_outcome_features_inference,rv_int_n_filled_housekeeping_assistant,bigint
dbt-cchia,pro_shift_outcome_features_inference,rv_int_n_filled_line_cook,bigint
dbt-cchia,pro_shift_outcome_features_inference,rv_int_n_filled_merchandiser,bigint
dbt-cchia,pro_shift_outcome_features_inference,rv_int_n_filled_onsite_captain,bigint
dbt-cchia,pro_shift_outcome_features_inference,rv_int_n_filled_prep_cook,bigint
dbt-cchia,pro_shift_outcome_features_inference,rv_int_n_filled_runner,bigint
dbt-cchia,pro_shift_outcome_features_inference,rv_int_n_filled_supervisor,bigint
dbt-cchia,pro_shift_outcome_features_inference,rv_int_n_filled_vip_event_server,bigint
dbt-cchia,pro_shift_outcome_features_inference,rv_int_n_filled_warehouse_admin,bigint
dbt-cchia,pro_shift_outcome_features_inference,rv_int_n_filled_warehouse_associate_entry_level,bigint
dbt-cchia,pro_shift_outcome_features_inference,rv_int_n_filled_warehouse_associate_intermediate,bigint
dbt-cchia,pro_skill_vector_features_inference,id_worker_id,integer
dbt-cchia,pro_skill_vector_features_inference,ts_ds,date
dbt-cchia,pro_skill_vector_features_inference,mt_level_vector_str,character varying
dbt-cchia,pro_skill_vector_features_inference,mt_confidence_level_vector_str,character varying
dbt-cchia,pro_skill_vector_features_inference,mt_source_vector_str,character varying
dbt-cchia,pro_ticket_features_inference,id_worker_id,integer
dbt-cchia,pro_ticket_features_inference,ts_ds,date
dbt-cchia,pro_ticket_features_inference,rv_int_n_pro_tickets,bigint
dbt-cchia,pro_time_features_inference,id_worker_id,integer
dbt-cchia,pro_time_features_inference,id_business_id,integer
dbt-cchia,pro_time_features_inference,ts_ds,date
dbt-cchia,pro_time_features_inference,mc_str_business_region,integer
dbt-cchia,pro_time_features_inference,rv_int_future_worker_assignments,bigint
dbt-cchia,pro_time_features_inference,rv_int_future_worker_unassignments,bigint
dbt-cchia,pro_time_features_inference,rv_int_future_business_cancellations,bigint
dbt-cchia,pro_time_features_inference,rv_int_future_auto_cancellations,bigint
dbt-cchia,pro_time_features_inference,rv_int_future_worker_cancellations,bigint
dbt-cchia,pro_time_features_inference,rv_int_future_excuse_cancellations,bigint
dbt-cchia,pro_time_features_inference,rv_int_future_shift_leads,bigint
dbt-cchia,pro_time_features_inference,rv_int_future_running_assigneds_with_business,bigint
dbt-cchia,pro_time_features_inference,rv_int_future_running_unassigneds_with_business,bigint
dbt-cchia,pro_time_features_inference,rv_int_historical_running_worker_assigneds,bigint
dbt-cchia,pro_time_features_inference,rv_int_historical_running_worker_unassigneds,bigint
dbt-cchia,pro_time_features_inference,rv_int_historical_running_business_cancels,bigint
dbt-cchia,pro_time_features_inference,rv_int_historical_running_no_shows,bigint
dbt-cchia,pro_time_features_inference,rv_int_historical_running_no_shows_corrected,bigint
dbt-cchia,pro_time_features_inference,rv_int_historical_running_auto_cancels,bigint
dbt-cchia,pro_time_features_inference,rv_int_historical_running_worker_cancels,bigint
dbt-cchia,pro_time_features_inference,rv_int_historical_running_excuse_cancels,bigint
dbt-cchia,pro_time_features_inference,rv_int_historical_running_minor_tardies,bigint
dbt-cchia,pro_time_features_inference,rv_int_historical_running_major_tardies,bigint
dbt-cchia,pro_time_features_inference,rv_int_historical_running_shift_leads,bigint
dbt-cchia,pro_time_features_inference,rv_int_historical_running_assigneds_with_business,bigint
dbt-cchia,pro_time_features_inference,rv_int_historical_running_unassigneds_with_business,bigint
dbt-cchia,pro_time_features_inference,rv_float_historical_assignment_reliability,double precision
dbt-cchia,pro_time_features_inference,rv_float_historical_no_show_rate,double precision
dbt-cchia,pro_time_features_inference,rv_float_historical_cancellation_rate,double precision
dbt-cchia,pro_time_features_inference,rv_float_historical_tardiness_rate,double precision
dbt-cchia,shift_benefits_features_inference,id_shift_id,integer
dbt-cchia,shift_benefits_features_inference,ts_ds,date
dbt-cchia,shift_benefits_features_inference,id_business_id,integer
dbt-cchia,shift_benefits_features_inference,id_company_id,integer
dbt-cchia,shift_benefits_features_inference,b_has_free_meals,smallint
dbt-cchia,shift_benefits_features_inference,b_has_parking,integer
dbt-cchia,shift_benefits_features_inference,b_is_flexible_time_task,smallint
dbt-cchia,shift_core_features_inference,id_shift_id,integer
dbt-cchia,shift_core_features_inference,id_shift_group_id,integer
dbt-cchia,shift_core_features_inference,id_worker_id,integer
dbt-cchia,shift_core_features_inference,id_business_id,integer
dbt-cchia,shift_core_features_inference,id_company_id,integer
dbt-cchia,shift_core_features_inference,id_position_id,integer
dbt-cchia,shift_core_features_inference,id_regionmapping_id,integer
dbt-cchia,shift_core_features_inference,ts_ds,date
dbt-cchia,shift_core_features_inference,ts_shift_created_at,timestamp without time zone
dbt-cchia,shift_core_features_inference,ts_shift_starts_at,timestamp without time zone
dbt-cchia,shift_core_features_inference,ts_shift_ends_at,timestamp without time zone
dbt-cchia,shift_core_features_inference,ts_shift_group_created_at,timestamp without time zone
dbt-cchia,shift_core_features_inference,b_w2_employees_only,smallint
dbt-cchia,shift_core_features_inference,b_is_filled,integer
dbt-cchia,shift_core_features_inference,b_worker_no_show,integer
dbt-cchia,shift_core_features_inference,rv_float_rating_by_worker,integer
dbt-cchia,shift_core_features_inference,rv_float_rating_by_business,integer
dbt-cchia,shift_core_features_inference,b_has_rating_by_worker,integer
dbt-cchia,shift_core_features_inference,b_has_rating_by_business,integer
dbt-cchia,shift_core_features_inference,rv_float_business_rate_usd,numeric
dbt-cchia,shift_core_features_inference,rv_float_applicant_rate_usd,numeric
dbt-cchia,shift_core_features_inference,rv_int_created_to_start_hours,bigint
dbt-cchia,shift_core_features_inference,rv_int_group_created_to_start_hours,bigint
dbt-cchia,shift_core_features_inference,rv_int_shift_duration_hours,bigint
dbt-cchia,shift_core_features_inference,rv_int_day_of_week,integer
dbt-cchia,shift_core_features_inference,rv_int_hour_of_day,integer
dbt-cchia,shift_core_features_inference,b_is_weekend,integer
dbt-cchia,shift_core_features_inference,b_is_daytime,integer
dbt-cchia,shift_core_features_inference,rv_int_user_shift_sequence,bigint
dbt-cchia,shift_core_features_inference,rv_int_user_business_shift_sequence,bigint
dbt-cchia,shift_core_features_inference,rv_int_user_position_shift_sequence,bigint
dbt-cchia,shift_core_features_inference,rv_int_hours_since_previous_shift,bigint
dbt-cchia,shift_core_features_inference,rv_int_hours_to_next_shift,bigint
dbt-cchia,shift_core_features_inference,b_is_bad_quality_outcome,integer
dbt-cchia,shift_core_features_inference,mc_str_shift_style,character varying
dbt-cchia,shift_core_features_inference,b_b_is_partial,integer
